{"cells":[{"cell_type":"markdown","metadata":{"id":"l2xeii0FqHe8"},"source":["# NAIVE BAYESIAN CLASSIFIER"]},{"cell_type":"markdown","metadata":{"id":"iX28rVNQqHfC"},"source":["**8. Demonstration of Naïve Bayesian classifier for a sample training data set stored as a .CSV file. Calculate the accuracy, precision, and recall for your dataset.**"]},{"cell_type":"code","execution_count":5,"metadata":{"colab":{"base_uri":"https://localhost:8080/"},"id":"vk_QVeimqHfD","executionInfo":{"status":"ok","timestamp":1731212645286,"user_tz":-330,"elapsed":414,"user":{"displayName":"Sai Praveen Chinta","userId":"00436975700721668619"}},"outputId":"d1a2bbd7-da85-4fb0-fdb2-71f7198d415b"},"outputs":[{"output_type":"stream","name":"stdout","text":["THe first 5 values of data is :\n","     Outlook Temperature Humidity  Windy PlayTennis\n","0     Sunny         Hot     High  False         No\n","1     Sunny         Hot     High   True         No\n","2  Overcast         Hot     High  False        Yes\n","3     Rainy        Mild     High  False        Yes\n","4     Rainy        Cool   Normal  False        Yes\n"]}],"source":["import pandas as pd\n","from sklearn import tree\n","from sklearn.preprocessing import LabelEncoder\n","from sklearn.naive_bayes import GaussianNB\n","from sklearn.metrics import accuracy_score, precision_score, recall_score\n","\n","# load data from CSV\n","data = pd.read_csv('/content/tennisdata.csv')\n","print(\"THe first 5 values of data is :\\n\",data.head())"]},{"cell_type":"code","execution_count":6,"metadata":{"colab":{"base_uri":"https://localhost:8080/","height":206},"id":"W_5IG5uKqHfF","executionInfo":{"status":"ok","timestamp":1731212645770,"user_tz":-330,"elapsed":28,"user":{"displayName":"Sai Praveen Chinta","userId":"00436975700721668619"}},"outputId":"3ec4883c-10b4-438f-fee7-24d5971c294a"},"outputs":[{"output_type":"execute_result","data":{"text/plain":["    Outlook Temperature Humidity  Windy\n","0     Sunny         Hot     High  False\n","1     Sunny         Hot     High   True\n","2  Overcast         Hot     High  False\n","3     Rainy        Mild     High  False\n","4     Rainy        Cool   Normal  False"],"text/html":["\n","  <div id=\"df-63a97317-734b-4f74-9e86-aad826f44016\" class=\"colab-df-container\">\n","    <div>\n","<style scoped>\n","    .dataframe tbody tr th:only-of-type {\n","        vertical-align: middle;\n","    }\n","\n","    .dataframe tbody tr th {\n","        vertical-align: top;\n","    }\n","\n","    .dataframe thead th {\n","        text-align: right;\n","    }\n","</style>\n","<table border=\"1\" class=\"dataframe\">\n","  <thead>\n","    <tr style=\"text-align: right;\">\n","      <th></th>\n","      <th>Outlook</th>\n","      <th>Temperature</th>\n","      <th>Humidity</th>\n","      <th>Windy</th>\n","    </tr>\n","  </thead>\n","  <tbody>\n","    <tr>\n","      <th>0</th>\n","      <td>Sunny</td>\n","      <td>Hot</td>\n","      <td>High</td>\n","      <td>False</td>\n","    </tr>\n","    <tr>\n","      <th>1</th>\n","      <td>Sunny</td>\n","      <td>Hot</td>\n","      <td>High</td>\n","      <td>True</td>\n","    </tr>\n","    <tr>\n","      <th>2</th>\n","      <td>Overcast</td>\n","      <td>Hot</td>\n","      <td>High</td>\n","      <td>False</td>\n","    </tr>\n","    <tr>\n","      <th>3</th>\n","      <td>Rainy</td>\n","      <td>Mild</td>\n","      <td>High</td>\n","      <td>False</td>\n","    </tr>\n","    <tr>\n","      <th>4</th>\n","      <td>Rainy</td>\n","      <td>Cool</td>\n","      <td>Normal</td>\n","      <td>False</td>\n","    </tr>\n","  </tbody>\n","</table>\n","</div>\n","    <div class=\"colab-df-buttons\">\n","\n","  <div class=\"colab-df-container\">\n","    <button class=\"colab-df-convert\" onclick=\"convertToInteractive('df-63a97317-734b-4f74-9e86-aad826f44016')\"\n","            title=\"Convert this dataframe to an interactive table.\"\n","            style=\"display:none;\">\n","\n","  <svg xmlns=\"http://www.w3.org/2000/svg\" height=\"24px\" viewBox=\"0 -960 960 960\">\n","    <path d=\"M120-120v-720h720v720H120Zm60-500h600v-160H180v160Zm220 220h160v-160H400v160Zm0 220h160v-160H400v160ZM180-400h160v-160H180v160Zm440 0h160v-160H620v160ZM180-180h160v-160H180v160Zm440 0h160v-160H620v160Z\"/>\n","  </svg>\n","    </button>\n","\n","  <style>\n","    .colab-df-container {\n","      display:flex;\n","      gap: 12px;\n","    }\n","\n","    .colab-df-convert {\n","      background-color: #E8F0FE;\n","      border: none;\n","      border-radius: 50%;\n","      cursor: pointer;\n","      display: none;\n","      fill: #1967D2;\n","      height: 32px;\n","      padding: 0 0 0 0;\n","      width: 32px;\n","    }\n","\n","    .colab-df-convert:hover {\n","      background-color: #E2EBFA;\n","      box-shadow: 0px 1px 2px rgba(60, 64, 67, 0.3), 0px 1px 3px 1px rgba(60, 64, 67, 0.15);\n","      fill: #174EA6;\n","    }\n","\n","    .colab-df-buttons div {\n","      margin-bottom: 4px;\n","    }\n","\n","    [theme=dark] .colab-df-convert {\n","      background-color: #3B4455;\n","      fill: #D2E3FC;\n","    }\n","\n","    [theme=dark] .colab-df-convert:hover {\n","      background-color: #434B5C;\n","      box-shadow: 0px 1px 3px 1px rgba(0, 0, 0, 0.15);\n","      filter: drop-shadow(0px 1px 2px rgba(0, 0, 0, 0.3));\n","      fill: #FFFFFF;\n","    }\n","  </style>\n","\n","    <script>\n","      const buttonEl =\n","        document.querySelector('#df-63a97317-734b-4f74-9e86-aad826f44016 button.colab-df-convert');\n","      buttonEl.style.display =\n","        google.colab.kernel.accessAllowed ? 'block' : 'none';\n","\n","      async function convertToInteractive(key) {\n","        const element = document.querySelector('#df-63a97317-734b-4f74-9e86-aad826f44016');\n","        const dataTable =\n","          await google.colab.kernel.invokeFunction('convertToInteractive',\n","                                                    [key], {});\n","        if (!dataTable) return;\n","\n","        const docLinkHtml = 'Like what you see? Visit the ' +\n","          '<a target=\"_blank\" href=https://colab.research.google.com/notebooks/data_table.ipynb>data table notebook</a>'\n","          + ' to learn more about interactive tables.';\n","        element.innerHTML = '';\n","        dataTable['output_type'] = 'display_data';\n","        await google.colab.output.renderOutput(dataTable, element);\n","        const docLink = document.createElement('div');\n","        docLink.innerHTML = docLinkHtml;\n","        element.appendChild(docLink);\n","      }\n","    </script>\n","  </div>\n","\n","\n","<div id=\"df-596b371a-8323-4a11-9513-ab6e06b7ce09\">\n","  <button class=\"colab-df-quickchart\" onclick=\"quickchart('df-596b371a-8323-4a11-9513-ab6e06b7ce09')\"\n","            title=\"Suggest charts\"\n","            style=\"display:none;\">\n","\n","<svg xmlns=\"http://www.w3.org/2000/svg\" height=\"24px\"viewBox=\"0 0 24 24\"\n","     width=\"24px\">\n","    <g>\n","        <path d=\"M19 3H5c-1.1 0-2 .9-2 2v14c0 1.1.9 2 2 2h14c1.1 0 2-.9 2-2V5c0-1.1-.9-2-2-2zM9 17H7v-7h2v7zm4 0h-2V7h2v10zm4 0h-2v-4h2v4z\"/>\n","    </g>\n","</svg>\n","  </button>\n","\n","<style>\n","  .colab-df-quickchart {\n","      --bg-color: #E8F0FE;\n","      --fill-color: #1967D2;\n","      --hover-bg-color: #E2EBFA;\n","      --hover-fill-color: #174EA6;\n","      --disabled-fill-color: #AAA;\n","      --disabled-bg-color: #DDD;\n","  }\n","\n","  [theme=dark] .colab-df-quickchart {\n","      --bg-color: #3B4455;\n","      --fill-color: #D2E3FC;\n","      --hover-bg-color: #434B5C;\n","      --hover-fill-color: #FFFFFF;\n","      --disabled-bg-color: #3B4455;\n","      --disabled-fill-color: #666;\n","  }\n","\n","  .colab-df-quickchart {\n","    background-color: var(--bg-color);\n","    border: none;\n","    border-radius: 50%;\n","    cursor: pointer;\n","    display: none;\n","    fill: var(--fill-color);\n","    height: 32px;\n","    padding: 0;\n","    width: 32px;\n","  }\n","\n","  .colab-df-quickchart:hover {\n","    background-color: var(--hover-bg-color);\n","    box-shadow: 0 1px 2px rgba(60, 64, 67, 0.3), 0 1px 3px 1px rgba(60, 64, 67, 0.15);\n","    fill: var(--button-hover-fill-color);\n","  }\n","\n","  .colab-df-quickchart-complete:disabled,\n","  .colab-df-quickchart-complete:disabled:hover {\n","    background-color: var(--disabled-bg-color);\n","    fill: var(--disabled-fill-color);\n","    box-shadow: none;\n","  }\n","\n","  .colab-df-spinner {\n","    border: 2px solid var(--fill-color);\n","    border-color: transparent;\n","    border-bottom-color: var(--fill-color);\n","    animation:\n","      spin 1s steps(1) infinite;\n","  }\n","\n","  @keyframes spin {\n","    0% {\n","      border-color: transparent;\n","      border-bottom-color: var(--fill-color);\n","      border-left-color: var(--fill-color);\n","    }\n","    20% {\n","      border-color: transparent;\n","      border-left-color: var(--fill-color);\n","      border-top-color: var(--fill-color);\n","    }\n","    30% {\n","      border-color: transparent;\n","      border-left-color: var(--fill-color);\n","      border-top-color: var(--fill-color);\n","      border-right-color: var(--fill-color);\n","    }\n","    40% {\n","      border-color: transparent;\n","      border-right-color: var(--fill-color);\n","      border-top-color: var(--fill-color);\n","    }\n","    60% {\n","      border-color: transparent;\n","      border-right-color: var(--fill-color);\n","    }\n","    80% {\n","      border-color: transparent;\n","      border-right-color: var(--fill-color);\n","      border-bottom-color: var(--fill-color);\n","    }\n","    90% {\n","      border-color: transparent;\n","      border-bottom-color: var(--fill-color);\n","    }\n","  }\n","</style>\n","\n","  <script>\n","    async function quickchart(key) {\n","      const quickchartButtonEl =\n","        document.querySelector('#' + key + ' button');\n","      quickchartButtonEl.disabled = true;  // To prevent multiple clicks.\n","      quickchartButtonEl.classList.add('colab-df-spinner');\n","      try {\n","        const charts = await google.colab.kernel.invokeFunction(\n","            'suggestCharts', [key], {});\n","      } catch (error) {\n","        console.error('Error during call to suggestCharts:', error);\n","      }\n","      quickchartButtonEl.classList.remove('colab-df-spinner');\n","      quickchartButtonEl.classList.add('colab-df-quickchart-complete');\n","    }\n","    (() => {\n","      let quickchartButtonEl =\n","        document.querySelector('#df-596b371a-8323-4a11-9513-ab6e06b7ce09 button');\n","      quickchartButtonEl.style.display =\n","        google.colab.kernel.accessAllowed ? 'block' : 'none';\n","    })();\n","  </script>\n","</div>\n","\n","    </div>\n","  </div>\n"],"application/vnd.google.colaboratory.intrinsic+json":{"type":"dataframe","variable_name":"X","summary":"{\n  \"name\": \"X\",\n  \"rows\": 14,\n  \"fields\": [\n    {\n      \"column\": \"Outlook\",\n      \"properties\": {\n        \"dtype\": \"category\",\n        \"num_unique_values\": 3,\n        \"samples\": [\n          \"Sunny\",\n          \"Overcast\",\n          \"Rainy\"\n        ],\n        \"semantic_type\": \"\",\n        \"description\": \"\"\n      }\n    },\n    {\n      \"column\": \"Temperature\",\n      \"properties\": {\n        \"dtype\": \"category\",\n        \"num_unique_values\": 3,\n        \"samples\": [\n          \"Hot\",\n          \"Mild\",\n          \"Cool\"\n        ],\n        \"semantic_type\": \"\",\n        \"description\": \"\"\n      }\n    },\n    {\n      \"column\": \"Humidity\",\n      \"properties\": {\n        \"dtype\": \"category\",\n        \"num_unique_values\": 2,\n        \"samples\": [\n          \"Normal\",\n          \"High\"\n        ],\n        \"semantic_type\": \"\",\n        \"description\": \"\"\n      }\n    },\n    {\n      \"column\": \"Windy\",\n      \"properties\": {\n        \"dtype\": \"boolean\",\n        \"num_unique_values\": 2,\n        \"samples\": [\n          true,\n          false\n        ],\n        \"semantic_type\": \"\",\n        \"description\": \"\"\n      }\n    }\n  ]\n}"}},"metadata":{},"execution_count":6}],"source":["# To Obtain Feature Columns\n","X = data.iloc[:,:-1]\n","X.head()"]},{"cell_type":"code","execution_count":7,"metadata":{"colab":{"base_uri":"https://localhost:8080/"},"id":"ffEKdtb6qHfG","executionInfo":{"status":"ok","timestamp":1731212645771,"user_tz":-330,"elapsed":25,"user":{"displayName":"Sai Praveen Chinta","userId":"00436975700721668619"}},"outputId":"64ef0a3d-3939-4682-9c6f-87821618133c"},"outputs":[{"output_type":"stream","name":"stdout","text":["\n","The first 5 values of Train output is\n"," 0     No\n","1     No\n","2    Yes\n","3    Yes\n","4    Yes\n","Name: PlayTennis, dtype: object\n"]}],"source":["y = data.iloc[:,-1]\n","print(\"\\nThe first 5 values of Train output is\\n\",y.head())"]},{"cell_type":"code","execution_count":8,"metadata":{"colab":{"base_uri":"https://localhost:8080/"},"id":"rS0YYArFqHfH","executionInfo":{"status":"ok","timestamp":1731212645772,"user_tz":-330,"elapsed":21,"user":{"displayName":"Sai Praveen Chinta","userId":"00436975700721668619"}},"outputId":"e1029b19-cc72-4ace-d83e-177ef953e228"},"outputs":[{"output_type":"stream","name":"stdout","text":["\n","Now the Train data is :\n","    Outlook  Temperature  Humidity  Windy\n","0        2            1         0      0\n","1        2            1         0      1\n","2        0            1         0      0\n","3        1            2         0      0\n","4        1            0         1      0\n"]}],"source":["# Convert then in Numbers\n","le_outlook = LabelEncoder()\n","X.Outlook = le_outlook.fit_transform(X.Outlook)\n","\n","le_Temperature = LabelEncoder()\n","X.Temperature = le_Temperature.fit_transform(X.Temperature)\n","\n","le_Humidity = LabelEncoder()\n","X.Humidity = le_Humidity.fit_transform(X.Humidity)\n","\n","le_Windy = LabelEncoder()\n","X.Windy = le_Windy.fit_transform(X.Windy)\n","\n","print(\"\\nNow the Train data is :\\n\",X.head())"]},{"cell_type":"code","execution_count":9,"metadata":{"colab":{"base_uri":"https://localhost:8080/"},"id":"dq1K0IdeqHfI","executionInfo":{"status":"ok","timestamp":1731212645773,"user_tz":-330,"elapsed":17,"user":{"displayName":"Sai Praveen Chinta","userId":"00436975700721668619"}},"outputId":"b79281f5-bea6-499d-86fb-f3e49e169c73"},"outputs":[{"output_type":"stream","name":"stdout","text":["Now the Train output is  [0 0 1 1 1 0 1 0 1 1 1 1 1 0]\n"]}],"source":["le_PlayTennis = LabelEncoder()\n","y = le_PlayTennis.fit_transform(y)\n","print(\"Now the Train output is \",y)"]},{"cell_type":"code","execution_count":10,"metadata":{"id":"rcCjVadJqHfI","executionInfo":{"status":"ok","timestamp":1731212646609,"user_tz":-330,"elapsed":31,"user":{"displayName":"Sai Praveen Chinta","userId":"00436975700721668619"}}},"outputs":[],"source":["from sklearn.model_selection import train_test_split\n","X_train, X_test, y_train, y_test = train_test_split(X,y, test_size=0.25)"]},{"cell_type":"code","source":["classifier = GaussianNB()\n","classifier.fit(X_train,y_train)"],"metadata":{"colab":{"base_uri":"https://localhost:8080/","height":80},"id":"qzx23sBBtEZa","executionInfo":{"status":"ok","timestamp":1731212646610,"user_tz":-330,"elapsed":30,"user":{"displayName":"Sai Praveen Chinta","userId":"00436975700721668619"}},"outputId":"c4fb0dcd-0eb3-4c03-e430-27eb867ffe5a"},"execution_count":11,"outputs":[{"output_type":"execute_result","data":{"text/plain":["GaussianNB()"],"text/html":["<style>#sk-container-id-1 {\n","  /* Definition of color scheme common for light and dark mode */\n","  --sklearn-color-text: black;\n","  --sklearn-color-line: gray;\n","  /* Definition of color scheme for unfitted estimators */\n","  --sklearn-color-unfitted-level-0: #fff5e6;\n","  --sklearn-color-unfitted-level-1: #f6e4d2;\n","  --sklearn-color-unfitted-level-2: #ffe0b3;\n","  --sklearn-color-unfitted-level-3: chocolate;\n","  /* Definition of color scheme for fitted estimators */\n","  --sklearn-color-fitted-level-0: #f0f8ff;\n","  --sklearn-color-fitted-level-1: #d4ebff;\n","  --sklearn-color-fitted-level-2: #b3dbfd;\n","  --sklearn-color-fitted-level-3: cornflowerblue;\n","\n","  /* Specific color for light theme */\n","  --sklearn-color-text-on-default-background: var(--sg-text-color, var(--theme-code-foreground, var(--jp-content-font-color1, black)));\n","  --sklearn-color-background: var(--sg-background-color, var(--theme-background, var(--jp-layout-color0, white)));\n","  --sklearn-color-border-box: var(--sg-text-color, var(--theme-code-foreground, var(--jp-content-font-color1, black)));\n","  --sklearn-color-icon: #696969;\n","\n","  @media (prefers-color-scheme: dark) {\n","    /* Redefinition of color scheme for dark theme */\n","    --sklearn-color-text-on-default-background: var(--sg-text-color, var(--theme-code-foreground, var(--jp-content-font-color1, white)));\n","    --sklearn-color-background: var(--sg-background-color, var(--theme-background, var(--jp-layout-color0, #111)));\n","    --sklearn-color-border-box: var(--sg-text-color, var(--theme-code-foreground, var(--jp-content-font-color1, white)));\n","    --sklearn-color-icon: #878787;\n","  }\n","}\n","\n","#sk-container-id-1 {\n","  color: var(--sklearn-color-text);\n","}\n","\n","#sk-container-id-1 pre {\n","  padding: 0;\n","}\n","\n","#sk-container-id-1 input.sk-hidden--visually {\n","  border: 0;\n","  clip: rect(1px 1px 1px 1px);\n","  clip: rect(1px, 1px, 1px, 1px);\n","  height: 1px;\n","  margin: -1px;\n","  overflow: hidden;\n","  padding: 0;\n","  position: absolute;\n","  width: 1px;\n","}\n","\n","#sk-container-id-1 div.sk-dashed-wrapped {\n","  border: 1px dashed var(--sklearn-color-line);\n","  margin: 0 0.4em 0.5em 0.4em;\n","  box-sizing: border-box;\n","  padding-bottom: 0.4em;\n","  background-color: var(--sklearn-color-background);\n","}\n","\n","#sk-container-id-1 div.sk-container {\n","  /* jupyter's `normalize.less` sets `[hidden] { display: none; }`\n","     but bootstrap.min.css set `[hidden] { display: none !important; }`\n","     so we also need the `!important` here to be able to override the\n","     default hidden behavior on the sphinx rendered scikit-learn.org.\n","     See: https://github.com/scikit-learn/scikit-learn/issues/21755 */\n","  display: inline-block !important;\n","  position: relative;\n","}\n","\n","#sk-container-id-1 div.sk-text-repr-fallback {\n","  display: none;\n","}\n","\n","div.sk-parallel-item,\n","div.sk-serial,\n","div.sk-item {\n","  /* draw centered vertical line to link estimators */\n","  background-image: linear-gradient(var(--sklearn-color-text-on-default-background), var(--sklearn-color-text-on-default-background));\n","  background-size: 2px 100%;\n","  background-repeat: no-repeat;\n","  background-position: center center;\n","}\n","\n","/* Parallel-specific style estimator block */\n","\n","#sk-container-id-1 div.sk-parallel-item::after {\n","  content: \"\";\n","  width: 100%;\n","  border-bottom: 2px solid var(--sklearn-color-text-on-default-background);\n","  flex-grow: 1;\n","}\n","\n","#sk-container-id-1 div.sk-parallel {\n","  display: flex;\n","  align-items: stretch;\n","  justify-content: center;\n","  background-color: var(--sklearn-color-background);\n","  position: relative;\n","}\n","\n","#sk-container-id-1 div.sk-parallel-item {\n","  display: flex;\n","  flex-direction: column;\n","}\n","\n","#sk-container-id-1 div.sk-parallel-item:first-child::after {\n","  align-self: flex-end;\n","  width: 50%;\n","}\n","\n","#sk-container-id-1 div.sk-parallel-item:last-child::after {\n","  align-self: flex-start;\n","  width: 50%;\n","}\n","\n","#sk-container-id-1 div.sk-parallel-item:only-child::after {\n","  width: 0;\n","}\n","\n","/* Serial-specific style estimator block */\n","\n","#sk-container-id-1 div.sk-serial {\n","  display: flex;\n","  flex-direction: column;\n","  align-items: center;\n","  background-color: var(--sklearn-color-background);\n","  padding-right: 1em;\n","  padding-left: 1em;\n","}\n","\n","\n","/* Toggleable style: style used for estimator/Pipeline/ColumnTransformer box that is\n","clickable and can be expanded/collapsed.\n","- Pipeline and ColumnTransformer use this feature and define the default style\n","- Estimators will overwrite some part of the style using the `sk-estimator` class\n","*/\n","\n","/* Pipeline and ColumnTransformer style (default) */\n","\n","#sk-container-id-1 div.sk-toggleable {\n","  /* Default theme specific background. It is overwritten whether we have a\n","  specific estimator or a Pipeline/ColumnTransformer */\n","  background-color: var(--sklearn-color-background);\n","}\n","\n","/* Toggleable label */\n","#sk-container-id-1 label.sk-toggleable__label {\n","  cursor: pointer;\n","  display: block;\n","  width: 100%;\n","  margin-bottom: 0;\n","  padding: 0.5em;\n","  box-sizing: border-box;\n","  text-align: center;\n","}\n","\n","#sk-container-id-1 label.sk-toggleable__label-arrow:before {\n","  /* Arrow on the left of the label */\n","  content: \"▸\";\n","  float: left;\n","  margin-right: 0.25em;\n","  color: var(--sklearn-color-icon);\n","}\n","\n","#sk-container-id-1 label.sk-toggleable__label-arrow:hover:before {\n","  color: var(--sklearn-color-text);\n","}\n","\n","/* Toggleable content - dropdown */\n","\n","#sk-container-id-1 div.sk-toggleable__content {\n","  max-height: 0;\n","  max-width: 0;\n","  overflow: hidden;\n","  text-align: left;\n","  /* unfitted */\n","  background-color: var(--sklearn-color-unfitted-level-0);\n","}\n","\n","#sk-container-id-1 div.sk-toggleable__content.fitted {\n","  /* fitted */\n","  background-color: var(--sklearn-color-fitted-level-0);\n","}\n","\n","#sk-container-id-1 div.sk-toggleable__content pre {\n","  margin: 0.2em;\n","  border-radius: 0.25em;\n","  color: var(--sklearn-color-text);\n","  /* unfitted */\n","  background-color: var(--sklearn-color-unfitted-level-0);\n","}\n","\n","#sk-container-id-1 div.sk-toggleable__content.fitted pre {\n","  /* unfitted */\n","  background-color: var(--sklearn-color-fitted-level-0);\n","}\n","\n","#sk-container-id-1 input.sk-toggleable__control:checked~div.sk-toggleable__content {\n","  /* Expand drop-down */\n","  max-height: 200px;\n","  max-width: 100%;\n","  overflow: auto;\n","}\n","\n","#sk-container-id-1 input.sk-toggleable__control:checked~label.sk-toggleable__label-arrow:before {\n","  content: \"▾\";\n","}\n","\n","/* Pipeline/ColumnTransformer-specific style */\n","\n","#sk-container-id-1 div.sk-label input.sk-toggleable__control:checked~label.sk-toggleable__label {\n","  color: var(--sklearn-color-text);\n","  background-color: var(--sklearn-color-unfitted-level-2);\n","}\n","\n","#sk-container-id-1 div.sk-label.fitted input.sk-toggleable__control:checked~label.sk-toggleable__label {\n","  background-color: var(--sklearn-color-fitted-level-2);\n","}\n","\n","/* Estimator-specific style */\n","\n","/* Colorize estimator box */\n","#sk-container-id-1 div.sk-estimator input.sk-toggleable__control:checked~label.sk-toggleable__label {\n","  /* unfitted */\n","  background-color: var(--sklearn-color-unfitted-level-2);\n","}\n","\n","#sk-container-id-1 div.sk-estimator.fitted input.sk-toggleable__control:checked~label.sk-toggleable__label {\n","  /* fitted */\n","  background-color: var(--sklearn-color-fitted-level-2);\n","}\n","\n","#sk-container-id-1 div.sk-label label.sk-toggleable__label,\n","#sk-container-id-1 div.sk-label label {\n","  /* The background is the default theme color */\n","  color: var(--sklearn-color-text-on-default-background);\n","}\n","\n","/* On hover, darken the color of the background */\n","#sk-container-id-1 div.sk-label:hover label.sk-toggleable__label {\n","  color: var(--sklearn-color-text);\n","  background-color: var(--sklearn-color-unfitted-level-2);\n","}\n","\n","/* Label box, darken color on hover, fitted */\n","#sk-container-id-1 div.sk-label.fitted:hover label.sk-toggleable__label.fitted {\n","  color: var(--sklearn-color-text);\n","  background-color: var(--sklearn-color-fitted-level-2);\n","}\n","\n","/* Estimator label */\n","\n","#sk-container-id-1 div.sk-label label {\n","  font-family: monospace;\n","  font-weight: bold;\n","  display: inline-block;\n","  line-height: 1.2em;\n","}\n","\n","#sk-container-id-1 div.sk-label-container {\n","  text-align: center;\n","}\n","\n","/* Estimator-specific */\n","#sk-container-id-1 div.sk-estimator {\n","  font-family: monospace;\n","  border: 1px dotted var(--sklearn-color-border-box);\n","  border-radius: 0.25em;\n","  box-sizing: border-box;\n","  margin-bottom: 0.5em;\n","  /* unfitted */\n","  background-color: var(--sklearn-color-unfitted-level-0);\n","}\n","\n","#sk-container-id-1 div.sk-estimator.fitted {\n","  /* fitted */\n","  background-color: var(--sklearn-color-fitted-level-0);\n","}\n","\n","/* on hover */\n","#sk-container-id-1 div.sk-estimator:hover {\n","  /* unfitted */\n","  background-color: var(--sklearn-color-unfitted-level-2);\n","}\n","\n","#sk-container-id-1 div.sk-estimator.fitted:hover {\n","  /* fitted */\n","  background-color: var(--sklearn-color-fitted-level-2);\n","}\n","\n","/* Specification for estimator info (e.g. \"i\" and \"?\") */\n","\n","/* Common style for \"i\" and \"?\" */\n","\n",".sk-estimator-doc-link,\n","a:link.sk-estimator-doc-link,\n","a:visited.sk-estimator-doc-link {\n","  float: right;\n","  font-size: smaller;\n","  line-height: 1em;\n","  font-family: monospace;\n","  background-color: var(--sklearn-color-background);\n","  border-radius: 1em;\n","  height: 1em;\n","  width: 1em;\n","  text-decoration: none !important;\n","  margin-left: 1ex;\n","  /* unfitted */\n","  border: var(--sklearn-color-unfitted-level-1) 1pt solid;\n","  color: var(--sklearn-color-unfitted-level-1);\n","}\n","\n",".sk-estimator-doc-link.fitted,\n","a:link.sk-estimator-doc-link.fitted,\n","a:visited.sk-estimator-doc-link.fitted {\n","  /* fitted */\n","  border: var(--sklearn-color-fitted-level-1) 1pt solid;\n","  color: var(--sklearn-color-fitted-level-1);\n","}\n","\n","/* On hover */\n","div.sk-estimator:hover .sk-estimator-doc-link:hover,\n",".sk-estimator-doc-link:hover,\n","div.sk-label-container:hover .sk-estimator-doc-link:hover,\n",".sk-estimator-doc-link:hover {\n","  /* unfitted */\n","  background-color: var(--sklearn-color-unfitted-level-3);\n","  color: var(--sklearn-color-background);\n","  text-decoration: none;\n","}\n","\n","div.sk-estimator.fitted:hover .sk-estimator-doc-link.fitted:hover,\n",".sk-estimator-doc-link.fitted:hover,\n","div.sk-label-container:hover .sk-estimator-doc-link.fitted:hover,\n",".sk-estimator-doc-link.fitted:hover {\n","  /* fitted */\n","  background-color: var(--sklearn-color-fitted-level-3);\n","  color: var(--sklearn-color-background);\n","  text-decoration: none;\n","}\n","\n","/* Span, style for the box shown on hovering the info icon */\n",".sk-estimator-doc-link span {\n","  display: none;\n","  z-index: 9999;\n","  position: relative;\n","  font-weight: normal;\n","  right: .2ex;\n","  padding: .5ex;\n","  margin: .5ex;\n","  width: min-content;\n","  min-width: 20ex;\n","  max-width: 50ex;\n","  color: var(--sklearn-color-text);\n","  box-shadow: 2pt 2pt 4pt #999;\n","  /* unfitted */\n","  background: var(--sklearn-color-unfitted-level-0);\n","  border: .5pt solid var(--sklearn-color-unfitted-level-3);\n","}\n","\n",".sk-estimator-doc-link.fitted span {\n","  /* fitted */\n","  background: var(--sklearn-color-fitted-level-0);\n","  border: var(--sklearn-color-fitted-level-3);\n","}\n","\n",".sk-estimator-doc-link:hover span {\n","  display: block;\n","}\n","\n","/* \"?\"-specific style due to the `<a>` HTML tag */\n","\n","#sk-container-id-1 a.estimator_doc_link {\n","  float: right;\n","  font-size: 1rem;\n","  line-height: 1em;\n","  font-family: monospace;\n","  background-color: var(--sklearn-color-background);\n","  border-radius: 1rem;\n","  height: 1rem;\n","  width: 1rem;\n","  text-decoration: none;\n","  /* unfitted */\n","  color: var(--sklearn-color-unfitted-level-1);\n","  border: var(--sklearn-color-unfitted-level-1) 1pt solid;\n","}\n","\n","#sk-container-id-1 a.estimator_doc_link.fitted {\n","  /* fitted */\n","  border: var(--sklearn-color-fitted-level-1) 1pt solid;\n","  color: var(--sklearn-color-fitted-level-1);\n","}\n","\n","/* On hover */\n","#sk-container-id-1 a.estimator_doc_link:hover {\n","  /* unfitted */\n","  background-color: var(--sklearn-color-unfitted-level-3);\n","  color: var(--sklearn-color-background);\n","  text-decoration: none;\n","}\n","\n","#sk-container-id-1 a.estimator_doc_link.fitted:hover {\n","  /* fitted */\n","  background-color: var(--sklearn-color-fitted-level-3);\n","}\n","</style><div id=\"sk-container-id-1\" class=\"sk-top-container\"><div class=\"sk-text-repr-fallback\"><pre>GaussianNB()</pre><b>In a Jupyter environment, please rerun this cell to show the HTML representation or trust the notebook. <br />On GitHub, the HTML representation is unable to render, please try loading this page with nbviewer.org.</b></div><div class=\"sk-container\" hidden><div class=\"sk-item\"><div class=\"sk-estimator fitted sk-toggleable\"><input class=\"sk-toggleable__control sk-hidden--visually\" id=\"sk-estimator-id-1\" type=\"checkbox\" checked><label for=\"sk-estimator-id-1\" class=\"sk-toggleable__label fitted sk-toggleable__label-arrow fitted\">&nbsp;&nbsp;GaussianNB<a class=\"sk-estimator-doc-link fitted\" rel=\"noreferrer\" target=\"_blank\" href=\"https://scikit-learn.org/1.5/modules/generated/sklearn.naive_bayes.GaussianNB.html\">?<span>Documentation for GaussianNB</span></a><span class=\"sk-estimator-doc-link fitted\">i<span>Fitted</span></span></label><div class=\"sk-toggleable__content fitted\"><pre>GaussianNB()</pre></div> </div></div></div></div>"]},"metadata":{},"execution_count":11}]},{"cell_type":"code","source":["y_pred = classifier.predict(X_test)"],"metadata":{"id":"nyFmudh7wVWu","executionInfo":{"status":"ok","timestamp":1731212646611,"user_tz":-330,"elapsed":26,"user":{"displayName":"Sai Praveen Chinta","userId":"00436975700721668619"}}},"execution_count":12,"outputs":[]},{"cell_type":"code","source":["accuracy = accuracy_score(y_test, y_pred)\n","precision = precision_score(y_test, y_pred)\n","recall = recall_score(y_test, y_pred)"],"metadata":{"id":"R-8tYvgYtI8y","executionInfo":{"status":"ok","timestamp":1731212646611,"user_tz":-330,"elapsed":25,"user":{"displayName":"Sai Praveen Chinta","userId":"00436975700721668619"}}},"execution_count":13,"outputs":[]},{"cell_type":"code","source":["print(\"Accuracy: \", accuracy)\n","print(\"Precision: \", precision)\n","print(\"Recall: \", recall)"],"metadata":{"id":"PXGx2iKRUdd5","executionInfo":{"status":"ok","timestamp":1731212732662,"user_tz":-330,"elapsed":683,"user":{"displayName":"Sai Praveen Chinta","userId":"00436975700721668619"}},"outputId":"740374e8-9af0-41d7-d73d-261e8152bc9b","colab":{"base_uri":"https://localhost:8080/"}},"execution_count":15,"outputs":[{"output_type":"stream","name":"stdout","text":["Accuracy:  0.75\n","Precision:  0.5\n","Recall:  1.0\n"]}]}],"metadata":{"kernelspec":{"display_name":"Python 3","language":"python","name":"python3"},"language_info":{"codemirror_mode":{"name":"ipython","version":3},"file_extension":".py","mimetype":"text/x-python","name":"python","nbconvert_exporter":"python","pygments_lexer":"ipython3","version":"3.7.1"},"colab":{"provenance":[]}},"nbformat":4,"nbformat_minor":0}