{"cells":[{"cell_type":"markdown","metadata":{"id":"HrX-Mul6BjKE"},"source":["# DECISION TREE CLASSIFIER\n"]},{"cell_type":"markdown","metadata":{"id":"e_3rbJyfBjKK"},"source":[" **Build the Decision Tree Classifier compare its performance with Ensemble\n","          Techniques like Random Forest, Bagging, Boosting and Stacking Demonstrate\n","          it with different Decision Trees.**"]},{"cell_type":"code","execution_count":null,"metadata":{"colab":{"base_uri":"https://localhost:8080/","height":206},"id":"ArRv6zTgBjKK","executionInfo":{"status":"ok","timestamp":1731209700264,"user_tz":-330,"elapsed":777,"user":{"displayName":"Sai Praveen Chinta","userId":"00436975700721668619"}},"outputId":"ee29e971-de6a-48b8-bbec-95eed822b5f5"},"outputs":[{"output_type":"execute_result","data":{"text/plain":["   Pregnancies  Glucose  BloodPressure  SkinThickness  Insulin   BMI  \\\n","0            6      148             72             35        0  33.6   \n","1            1       85             66             29        0  26.6   \n","2            8      183             64              0        0  23.3   \n","3            1       89             66             23       94  28.1   \n","4            0      137             40             35      168  43.1   \n","\n","   DiabetesPedigreeFunction  Age  Outcome  \n","0                     0.627   50        1  \n","1                     0.351   31        0  \n","2                     0.672   32        1  \n","3                     0.167   21        0  \n","4                     2.288   33        1  "],"text/html":["\n","  <div id=\"df-88575c93-28dc-4939-9325-04b8eae8b70b\" class=\"colab-df-container\">\n","    <div>\n","<style scoped>\n","    .dataframe tbody tr th:only-of-type {\n","        vertical-align: middle;\n","    }\n","\n","    .dataframe tbody tr th {\n","        vertical-align: top;\n","    }\n","\n","    .dataframe thead th {\n","        text-align: right;\n","    }\n","</style>\n","<table border=\"1\" class=\"dataframe\">\n","  <thead>\n","    <tr style=\"text-align: right;\">\n","      <th></th>\n","      <th>Pregnancies</th>\n","      <th>Glucose</th>\n","      <th>BloodPressure</th>\n","      <th>SkinThickness</th>\n","      <th>Insulin</th>\n","      <th>BMI</th>\n","      <th>DiabetesPedigreeFunction</th>\n","      <th>Age</th>\n","      <th>Outcome</th>\n","    </tr>\n","  </thead>\n","  <tbody>\n","    <tr>\n","      <th>0</th>\n","      <td>6</td>\n","      <td>148</td>\n","      <td>72</td>\n","      <td>35</td>\n","      <td>0</td>\n","      <td>33.6</td>\n","      <td>0.627</td>\n","      <td>50</td>\n","      <td>1</td>\n","    </tr>\n","    <tr>\n","      <th>1</th>\n","      <td>1</td>\n","      <td>85</td>\n","      <td>66</td>\n","      <td>29</td>\n","      <td>0</td>\n","      <td>26.6</td>\n","      <td>0.351</td>\n","      <td>31</td>\n","      <td>0</td>\n","    </tr>\n","    <tr>\n","      <th>2</th>\n","      <td>8</td>\n","      <td>183</td>\n","      <td>64</td>\n","      <td>0</td>\n","      <td>0</td>\n","      <td>23.3</td>\n","      <td>0.672</td>\n","      <td>32</td>\n","      <td>1</td>\n","    </tr>\n","    <tr>\n","      <th>3</th>\n","      <td>1</td>\n","      <td>89</td>\n","      <td>66</td>\n","      <td>23</td>\n","      <td>94</td>\n","      <td>28.1</td>\n","      <td>0.167</td>\n","      <td>21</td>\n","      <td>0</td>\n","    </tr>\n","    <tr>\n","      <th>4</th>\n","      <td>0</td>\n","      <td>137</td>\n","      <td>40</td>\n","      <td>35</td>\n","      <td>168</td>\n","      <td>43.1</td>\n","      <td>2.288</td>\n","      <td>33</td>\n","      <td>1</td>\n","    </tr>\n","  </tbody>\n","</table>\n","</div>\n","    <div class=\"colab-df-buttons\">\n","\n","  <div class=\"colab-df-container\">\n","    <button class=\"colab-df-convert\" onclick=\"convertToInteractive('df-88575c93-28dc-4939-9325-04b8eae8b70b')\"\n","            title=\"Convert this dataframe to an interactive table.\"\n","            style=\"display:none;\">\n","\n","  <svg xmlns=\"http://www.w3.org/2000/svg\" height=\"24px\" viewBox=\"0 -960 960 960\">\n","    <path d=\"M120-120v-720h720v720H120Zm60-500h600v-160H180v160Zm220 220h160v-160H400v160Zm0 220h160v-160H400v160ZM180-400h160v-160H180v160Zm440 0h160v-160H620v160ZM180-180h160v-160H180v160Zm440 0h160v-160H620v160Z\"/>\n","  </svg>\n","    </button>\n","\n","  <style>\n","    .colab-df-container {\n","      display:flex;\n","      gap: 12px;\n","    }\n","\n","    .colab-df-convert {\n","      background-color: #E8F0FE;\n","      border: none;\n","      border-radius: 50%;\n","      cursor: pointer;\n","      display: none;\n","      fill: #1967D2;\n","      height: 32px;\n","      padding: 0 0 0 0;\n","      width: 32px;\n","    }\n","\n","    .colab-df-convert:hover {\n","      background-color: #E2EBFA;\n","      box-shadow: 0px 1px 2px rgba(60, 64, 67, 0.3), 0px 1px 3px 1px rgba(60, 64, 67, 0.15);\n","      fill: #174EA6;\n","    }\n","\n","    .colab-df-buttons div {\n","      margin-bottom: 4px;\n","    }\n","\n","    [theme=dark] .colab-df-convert {\n","      background-color: #3B4455;\n","      fill: #D2E3FC;\n","    }\n","\n","    [theme=dark] .colab-df-convert:hover {\n","      background-color: #434B5C;\n","      box-shadow: 0px 1px 3px 1px rgba(0, 0, 0, 0.15);\n","      filter: drop-shadow(0px 1px 2px rgba(0, 0, 0, 0.3));\n","      fill: #FFFFFF;\n","    }\n","  </style>\n","\n","    <script>\n","      const buttonEl =\n","        document.querySelector('#df-88575c93-28dc-4939-9325-04b8eae8b70b button.colab-df-convert');\n","      buttonEl.style.display =\n","        google.colab.kernel.accessAllowed ? 'block' : 'none';\n","\n","      async function convertToInteractive(key) {\n","        const element = document.querySelector('#df-88575c93-28dc-4939-9325-04b8eae8b70b');\n","        const dataTable =\n","          await google.colab.kernel.invokeFunction('convertToInteractive',\n","                                                    [key], {});\n","        if (!dataTable) return;\n","\n","        const docLinkHtml = 'Like what you see? Visit the ' +\n","          '<a target=\"_blank\" href=https://colab.research.google.com/notebooks/data_table.ipynb>data table notebook</a>'\n","          + ' to learn more about interactive tables.';\n","        element.innerHTML = '';\n","        dataTable['output_type'] = 'display_data';\n","        await google.colab.output.renderOutput(dataTable, element);\n","        const docLink = document.createElement('div');\n","        docLink.innerHTML = docLinkHtml;\n","        element.appendChild(docLink);\n","      }\n","    </script>\n","  </div>\n","\n","\n","<div id=\"df-94742388-e406-4a7b-aed9-1ebd7f8ba567\">\n","  <button class=\"colab-df-quickchart\" onclick=\"quickchart('df-94742388-e406-4a7b-aed9-1ebd7f8ba567')\"\n","            title=\"Suggest charts\"\n","            style=\"display:none;\">\n","\n","<svg xmlns=\"http://www.w3.org/2000/svg\" height=\"24px\"viewBox=\"0 0 24 24\"\n","     width=\"24px\">\n","    <g>\n","        <path d=\"M19 3H5c-1.1 0-2 .9-2 2v14c0 1.1.9 2 2 2h14c1.1 0 2-.9 2-2V5c0-1.1-.9-2-2-2zM9 17H7v-7h2v7zm4 0h-2V7h2v10zm4 0h-2v-4h2v4z\"/>\n","    </g>\n","</svg>\n","  </button>\n","\n","<style>\n","  .colab-df-quickchart {\n","      --bg-color: #E8F0FE;\n","      --fill-color: #1967D2;\n","      --hover-bg-color: #E2EBFA;\n","      --hover-fill-color: #174EA6;\n","      --disabled-fill-color: #AAA;\n","      --disabled-bg-color: #DDD;\n","  }\n","\n","  [theme=dark] .colab-df-quickchart {\n","      --bg-color: #3B4455;\n","      --fill-color: #D2E3FC;\n","      --hover-bg-color: #434B5C;\n","      --hover-fill-color: #FFFFFF;\n","      --disabled-bg-color: #3B4455;\n","      --disabled-fill-color: #666;\n","  }\n","\n","  .colab-df-quickchart {\n","    background-color: var(--bg-color);\n","    border: none;\n","    border-radius: 50%;\n","    cursor: pointer;\n","    display: none;\n","    fill: var(--fill-color);\n","    height: 32px;\n","    padding: 0;\n","    width: 32px;\n","  }\n","\n","  .colab-df-quickchart:hover {\n","    background-color: var(--hover-bg-color);\n","    box-shadow: 0 1px 2px rgba(60, 64, 67, 0.3), 0 1px 3px 1px rgba(60, 64, 67, 0.15);\n","    fill: var(--button-hover-fill-color);\n","  }\n","\n","  .colab-df-quickchart-complete:disabled,\n","  .colab-df-quickchart-complete:disabled:hover {\n","    background-color: var(--disabled-bg-color);\n","    fill: var(--disabled-fill-color);\n","    box-shadow: none;\n","  }\n","\n","  .colab-df-spinner {\n","    border: 2px solid var(--fill-color);\n","    border-color: transparent;\n","    border-bottom-color: var(--fill-color);\n","    animation:\n","      spin 1s steps(1) infinite;\n","  }\n","\n","  @keyframes spin {\n","    0% {\n","      border-color: transparent;\n","      border-bottom-color: var(--fill-color);\n","      border-left-color: var(--fill-color);\n","    }\n","    20% {\n","      border-color: transparent;\n","      border-left-color: var(--fill-color);\n","      border-top-color: var(--fill-color);\n","    }\n","    30% {\n","      border-color: transparent;\n","      border-left-color: var(--fill-color);\n","      border-top-color: var(--fill-color);\n","      border-right-color: var(--fill-color);\n","    }\n","    40% {\n","      border-color: transparent;\n","      border-right-color: var(--fill-color);\n","      border-top-color: var(--fill-color);\n","    }\n","    60% {\n","      border-color: transparent;\n","      border-right-color: var(--fill-color);\n","    }\n","    80% {\n","      border-color: transparent;\n","      border-right-color: var(--fill-color);\n","      border-bottom-color: var(--fill-color);\n","    }\n","    90% {\n","      border-color: transparent;\n","      border-bottom-color: var(--fill-color);\n","    }\n","  }\n","</style>\n","\n","  <script>\n","    async function quickchart(key) {\n","      const quickchartButtonEl =\n","        document.querySelector('#' + key + ' button');\n","      quickchartButtonEl.disabled = true;  // To prevent multiple clicks.\n","      quickchartButtonEl.classList.add('colab-df-spinner');\n","      try {\n","        const charts = await google.colab.kernel.invokeFunction(\n","            'suggestCharts', [key], {});\n","      } catch (error) {\n","        console.error('Error during call to suggestCharts:', error);\n","      }\n","      quickchartButtonEl.classList.remove('colab-df-spinner');\n","      quickchartButtonEl.classList.add('colab-df-quickchart-complete');\n","    }\n","    (() => {\n","      let quickchartButtonEl =\n","        document.querySelector('#df-94742388-e406-4a7b-aed9-1ebd7f8ba567 button');\n","      quickchartButtonEl.style.display =\n","        google.colab.kernel.accessAllowed ? 'block' : 'none';\n","    })();\n","  </script>\n","</div>\n","\n","    </div>\n","  </div>\n"],"application/vnd.google.colaboratory.intrinsic+json":{"type":"dataframe","variable_name":"df","summary":"{\n  \"name\": \"df\",\n  \"rows\": 768,\n  \"fields\": [\n    {\n      \"column\": \"Pregnancies\",\n      \"properties\": {\n        \"dtype\": \"number\",\n        \"std\": 3,\n        \"min\": 0,\n        \"max\": 17,\n        \"num_unique_values\": 17,\n        \"samples\": [\n          6,\n          1,\n          3\n        ],\n        \"semantic_type\": \"\",\n        \"description\": \"\"\n      }\n    },\n    {\n      \"column\": \"Glucose\",\n      \"properties\": {\n        \"dtype\": \"number\",\n        \"std\": 31,\n        \"min\": 0,\n        \"max\": 199,\n        \"num_unique_values\": 136,\n        \"samples\": [\n          151,\n          101,\n          112\n        ],\n        \"semantic_type\": \"\",\n        \"description\": \"\"\n      }\n    },\n    {\n      \"column\": \"BloodPressure\",\n      \"properties\": {\n        \"dtype\": \"number\",\n        \"std\": 19,\n        \"min\": 0,\n        \"max\": 122,\n        \"num_unique_values\": 47,\n        \"samples\": [\n          86,\n          46,\n          85\n        ],\n        \"semantic_type\": \"\",\n        \"description\": \"\"\n      }\n    },\n    {\n      \"column\": \"SkinThickness\",\n      \"properties\": {\n        \"dtype\": \"number\",\n        \"std\": 15,\n        \"min\": 0,\n        \"max\": 99,\n        \"num_unique_values\": 51,\n        \"samples\": [\n          7,\n          12,\n          48\n        ],\n        \"semantic_type\": \"\",\n        \"description\": \"\"\n      }\n    },\n    {\n      \"column\": \"Insulin\",\n      \"properties\": {\n        \"dtype\": \"number\",\n        \"std\": 115,\n        \"min\": 0,\n        \"max\": 846,\n        \"num_unique_values\": 186,\n        \"samples\": [\n          52,\n          41,\n          183\n        ],\n        \"semantic_type\": \"\",\n        \"description\": \"\"\n      }\n    },\n    {\n      \"column\": \"BMI\",\n      \"properties\": {\n        \"dtype\": \"number\",\n        \"std\": 7.8841603203754405,\n        \"min\": 0.0,\n        \"max\": 67.1,\n        \"num_unique_values\": 248,\n        \"samples\": [\n          19.9,\n          31.0,\n          38.1\n        ],\n        \"semantic_type\": \"\",\n        \"description\": \"\"\n      }\n    },\n    {\n      \"column\": \"DiabetesPedigreeFunction\",\n      \"properties\": {\n        \"dtype\": \"number\",\n        \"std\": 0.33132859501277484,\n        \"min\": 0.078,\n        \"max\": 2.42,\n        \"num_unique_values\": 517,\n        \"samples\": [\n          1.731,\n          0.426,\n          0.138\n        ],\n        \"semantic_type\": \"\",\n        \"description\": \"\"\n      }\n    },\n    {\n      \"column\": \"Age\",\n      \"properties\": {\n        \"dtype\": \"number\",\n        \"std\": 11,\n        \"min\": 21,\n        \"max\": 81,\n        \"num_unique_values\": 52,\n        \"samples\": [\n          60,\n          47,\n          72\n        ],\n        \"semantic_type\": \"\",\n        \"description\": \"\"\n      }\n    },\n    {\n      \"column\": \"Outcome\",\n      \"properties\": {\n        \"dtype\": \"number\",\n        \"std\": 0,\n        \"min\": 0,\n        \"max\": 1,\n        \"num_unique_values\": 2,\n        \"samples\": [\n          0,\n          1\n        ],\n        \"semantic_type\": \"\",\n        \"description\": \"\"\n      }\n    }\n  ]\n}"}},"metadata":{},"execution_count":95}],"source":["import pandas as pd\n","from sklearn.preprocessing import LabelEncoder\n","from sklearn.model_selection import train_test_split\n","from sklearn.tree import DecisionTreeClassifier\n","from sklearn.ensemble import RandomForestClassifier, BaggingClassifier, AdaBoostClassifier, GradientBoostingClassifier, StackingClassifier\n","from sklearn.linear_model import LogisticRegression\n","from sklearn.metrics import accuracy_score, precision_score, recall_score, f1_score\n","from sklearn.neighbors import KNeighborsClassifier\n","\n","# load data from CSV\n","df = pd.read_csv('/content/diabetes_dataset.csv')\n","df.head()"]},{"cell_type":"code","execution_count":null,"metadata":{"id":"Zb97JQxgBjKM"},"outputs":[],"source":["# Obtain Train data and Train output\n","X = df.drop(['Outcome'], axis=1)\n","y = df.Outcome"]},{"cell_type":"code","source":["X_train, X_test, y_train, y_test = train_test_split(X, y, test_size=0.20, random_state=42)"],"metadata":{"id":"wuv_hHH0EK3v"},"execution_count":null,"outputs":[]},{"cell_type":"code","execution_count":null,"metadata":{"id":"sXHpj8sWBjKQ"},"outputs":[],"source":["def evaluate_model(model):\n","    model.fit(X_train, y_train)\n","    y_pred = model.predict(X_test)\n","    accuracy = accuracy_score(y_test, y_pred)\n","    precision = precision_score(y_test, y_pred, pos_label=1)\n","    recall = recall_score(y_test, y_pred, pos_label=1)\n","    return accuracy, precision, recall"]},{"cell_type":"code","source":["# 1. Decision Tree Classifier\n","dt = DecisionTreeClassifier(random_state=42)\n","dt_results = evaluate_model(dt)"],"metadata":{"id":"E8GFqxdMCqxq"},"execution_count":null,"outputs":[]},{"cell_type":"code","source":["# 2. Random Forest Classifier\n","rf = RandomForestClassifier(random_state=42)\n","rf_results = evaluate_model(rf)"],"metadata":{"id":"MTYCZl7jEoDh"},"execution_count":null,"outputs":[]},{"cell_type":"code","source":["# 3. Bagging Classifier with Decision Trees\n","bagging = BaggingClassifier(estimator=DecisionTreeClassifier(), n_estimators=50, random_state=42)\n","bagging_results = evaluate_model(bagging)"],"metadata":{"id":"3FpimiPtEqZU"},"execution_count":null,"outputs":[]},{"cell_type":"code","source":["# 4. Boosting (AdaBoost)\n","boosting = AdaBoostClassifier(estimator=DecisionTreeClassifier(), n_estimators=50, random_state=42)\n","boosting_results = evaluate_model(boosting)\n"],"metadata":{"colab":{"base_uri":"https://localhost:8080/"},"id":"B8_uPvDIFSh2","executionInfo":{"status":"ok","timestamp":1731209701194,"user_tz":-330,"elapsed":13,"user":{"displayName":"Sai Praveen Chinta","userId":"00436975700721668619"}},"outputId":"b3daeb46-d45f-48ae-e74e-07c29bc61fef"},"execution_count":null,"outputs":[{"output_type":"stream","name":"stderr","text":["/usr/local/lib/python3.10/dist-packages/sklearn/ensemble/_weight_boosting.py:527: FutureWarning: The SAMME.R algorithm (the default) is deprecated and will be removed in 1.6. Use the SAMME algorithm to circumvent this warning.\n","  warnings.warn(\n"]}]},{"cell_type":"code","source":["# 5. Gradient Boosting\n","gboost = GradientBoostingClassifier(n_estimators=50, random_state=42)\n","gboost_results = evaluate_model(gboost)"],"metadata":{"id":"mOBhnnSXE-8P"},"execution_count":null,"outputs":[]},{"cell_type":"code","source":["# 6. Stacking Classifier with base models and Logistic Regression as meta-model\n","stacking = StackingClassifier(\n","    estimators=[\n","        ('dt', DecisionTreeClassifier()),\n","        ('rf', RandomForestClassifier()),\n","        ('knn', KNeighborsClassifier())\n","    ],\n","    final_estimator=LogisticRegression(),\n","    cv=5\n",")\n","stacking_results = evaluate_model(stacking)"],"metadata":{"id":"souG4E0LFFSK"},"execution_count":null,"outputs":[]},{"cell_type":"code","source":["# Display results\n","results = pd.DataFrame({\n","    'Model': ['Decision Tree', 'Random Forest', 'Bagging', 'Boosting (AdaBoost)', 'Gradient Boosting', 'Stacking'],\n","    'Accuracy': [dt_results[0], rf_results[0], bagging_results[0], boosting_results[0], gboost_results[0], stacking_results[0]],\n","    'Precision': [dt_results[1], rf_results[1], bagging_results[1], boosting_results[1], gboost_results[1], stacking_results[1]],\n","    'Recall': [dt_results[2], rf_results[2], bagging_results[2], boosting_results[2], gboost_results[2], stacking_results[2]]\n","})\n","\n","print(results)"],"metadata":{"colab":{"base_uri":"https://localhost:8080/"},"id":"F5-6C5BsFHs5","executionInfo":{"status":"ok","timestamp":1731209703501,"user_tz":-330,"elapsed":5,"user":{"displayName":"Sai Praveen Chinta","userId":"00436975700721668619"}},"outputId":"9f7cabc6-102e-49a8-aa7b-5829708ea8a1"},"execution_count":null,"outputs":[{"output_type":"stream","name":"stdout","text":["                 Model  Accuracy  Precision    Recall\n","0        Decision Tree  0.746753   0.625000  0.727273\n","1        Random Forest  0.720779   0.607143  0.618182\n","2              Bagging  0.746753   0.633333  0.690909\n","3  Boosting (AdaBoost)  0.746753   0.621212  0.745455\n","4    Gradient Boosting  0.766234   0.661017  0.709091\n","5             Stacking  0.746753   0.648148  0.636364\n"]}]}],"metadata":{"kernelspec":{"display_name":"Python 3","language":"python","name":"python3"},"language_info":{"codemirror_mode":{"name":"ipython","version":3},"file_extension":".py","mimetype":"text/x-python","name":"python","nbconvert_exporter":"python","pygments_lexer":"ipython3","version":"3.7.1"},"colab":{"provenance":[]}},"nbformat":4,"nbformat_minor":0}