{"cells":[{"cell_type":"markdown","metadata":{"id":"bdRE9G4EHQ1X"},"source":["# KNN Classifier"]},{"cell_type":"markdown","metadata":{"id":"zm-QIC_VHQ1f"},"source":["**5. Write a program to implement the KNN classifier for a sample training data set stored as a .CSV file. Compute the accuracy of the classifier, considering few test data sets.**"]},{"cell_type":"code","execution_count":null,"metadata":{"colab":{"base_uri":"https://localhost:8080/","height":206},"id":"h5qdUZR0HQ1f","executionInfo":{"status":"ok","timestamp":1731227544237,"user_tz":-330,"elapsed":505,"user":{"displayName":"Sai Praveen Chinta","userId":"00436975700721668619"}},"outputId":"07b03b1e-2adf-4f9f-df0c-e0872913757c"},"outputs":[{"output_type":"execute_result","data":{"text/plain":["   Weight(x2)  Height(y2)        Class\n","0          51         167  Underweight\n","1          66         177       Normal\n","2          75         169   Overweight\n","3          69         176       Normal\n","4          50         173  Underweight"],"text/html":["\n","  <div id=\"df-6906e5f8-40c9-4fd4-8fa3-8471ac014cec\" class=\"colab-df-container\">\n","    <div>\n","<style scoped>\n","    .dataframe tbody tr th:only-of-type {\n","        vertical-align: middle;\n","    }\n","\n","    .dataframe tbody tr th {\n","        vertical-align: top;\n","    }\n","\n","    .dataframe thead th {\n","        text-align: right;\n","    }\n","</style>\n","<table border=\"1\" class=\"dataframe\">\n","  <thead>\n","    <tr style=\"text-align: right;\">\n","      <th></th>\n","      <th>Weight(x2)</th>\n","      <th>Height(y2)</th>\n","      <th>Class</th>\n","    </tr>\n","  </thead>\n","  <tbody>\n","    <tr>\n","      <th>0</th>\n","      <td>51</td>\n","      <td>167</td>\n","      <td>Underweight</td>\n","    </tr>\n","    <tr>\n","      <th>1</th>\n","      <td>66</td>\n","      <td>177</td>\n","      <td>Normal</td>\n","    </tr>\n","    <tr>\n","      <th>2</th>\n","      <td>75</td>\n","      <td>169</td>\n","      <td>Overweight</td>\n","    </tr>\n","    <tr>\n","      <th>3</th>\n","      <td>69</td>\n","      <td>176</td>\n","      <td>Normal</td>\n","    </tr>\n","    <tr>\n","      <th>4</th>\n","      <td>50</td>\n","      <td>173</td>\n","      <td>Underweight</td>\n","    </tr>\n","  </tbody>\n","</table>\n","</div>\n","    <div class=\"colab-df-buttons\">\n","\n","  <div class=\"colab-df-container\">\n","    <button class=\"colab-df-convert\" onclick=\"convertToInteractive('df-6906e5f8-40c9-4fd4-8fa3-8471ac014cec')\"\n","            title=\"Convert this dataframe to an interactive table.\"\n","            style=\"display:none;\">\n","\n","  <svg xmlns=\"http://www.w3.org/2000/svg\" height=\"24px\" viewBox=\"0 -960 960 960\">\n","    <path d=\"M120-120v-720h720v720H120Zm60-500h600v-160H180v160Zm220 220h160v-160H400v160Zm0 220h160v-160H400v160ZM180-400h160v-160H180v160Zm440 0h160v-160H620v160ZM180-180h160v-160H180v160Zm440 0h160v-160H620v160Z\"/>\n","  </svg>\n","    </button>\n","\n","  <style>\n","    .colab-df-container {\n","      display:flex;\n","      gap: 12px;\n","    }\n","\n","    .colab-df-convert {\n","      background-color: #E8F0FE;\n","      border: none;\n","      border-radius: 50%;\n","      cursor: pointer;\n","      display: none;\n","      fill: #1967D2;\n","      height: 32px;\n","      padding: 0 0 0 0;\n","      width: 32px;\n","    }\n","\n","    .colab-df-convert:hover {\n","      background-color: #E2EBFA;\n","      box-shadow: 0px 1px 2px rgba(60, 64, 67, 0.3), 0px 1px 3px 1px rgba(60, 64, 67, 0.15);\n","      fill: #174EA6;\n","    }\n","\n","    .colab-df-buttons div {\n","      margin-bottom: 4px;\n","    }\n","\n","    [theme=dark] .colab-df-convert {\n","      background-color: #3B4455;\n","      fill: #D2E3FC;\n","    }\n","\n","    [theme=dark] .colab-df-convert:hover {\n","      background-color: #434B5C;\n","      box-shadow: 0px 1px 3px 1px rgba(0, 0, 0, 0.15);\n","      filter: drop-shadow(0px 1px 2px rgba(0, 0, 0, 0.3));\n","      fill: #FFFFFF;\n","    }\n","  </style>\n","\n","    <script>\n","      const buttonEl =\n","        document.querySelector('#df-6906e5f8-40c9-4fd4-8fa3-8471ac014cec button.colab-df-convert');\n","      buttonEl.style.display =\n","        google.colab.kernel.accessAllowed ? 'block' : 'none';\n","\n","      async function convertToInteractive(key) {\n","        const element = document.querySelector('#df-6906e5f8-40c9-4fd4-8fa3-8471ac014cec');\n","        const dataTable =\n","          await google.colab.kernel.invokeFunction('convertToInteractive',\n","                                                    [key], {});\n","        if (!dataTable) return;\n","\n","        const docLinkHtml = 'Like what you see? Visit the ' +\n","          '<a target=\"_blank\" href=https://colab.research.google.com/notebooks/data_table.ipynb>data table notebook</a>'\n","          + ' to learn more about interactive tables.';\n","        element.innerHTML = '';\n","        dataTable['output_type'] = 'display_data';\n","        await google.colab.output.renderOutput(dataTable, element);\n","        const docLink = document.createElement('div');\n","        docLink.innerHTML = docLinkHtml;\n","        element.appendChild(docLink);\n","      }\n","    </script>\n","  </div>\n","\n","\n","<div id=\"df-b18f7f9a-28f1-4d3e-8d79-899e5851536f\">\n","  <button class=\"colab-df-quickchart\" onclick=\"quickchart('df-b18f7f9a-28f1-4d3e-8d79-899e5851536f')\"\n","            title=\"Suggest charts\"\n","            style=\"display:none;\">\n","\n","<svg xmlns=\"http://www.w3.org/2000/svg\" height=\"24px\"viewBox=\"0 0 24 24\"\n","     width=\"24px\">\n","    <g>\n","        <path d=\"M19 3H5c-1.1 0-2 .9-2 2v14c0 1.1.9 2 2 2h14c1.1 0 2-.9 2-2V5c0-1.1-.9-2-2-2zM9 17H7v-7h2v7zm4 0h-2V7h2v10zm4 0h-2v-4h2v4z\"/>\n","    </g>\n","</svg>\n","  </button>\n","\n","<style>\n","  .colab-df-quickchart {\n","      --bg-color: #E8F0FE;\n","      --fill-color: #1967D2;\n","      --hover-bg-color: #E2EBFA;\n","      --hover-fill-color: #174EA6;\n","      --disabled-fill-color: #AAA;\n","      --disabled-bg-color: #DDD;\n","  }\n","\n","  [theme=dark] .colab-df-quickchart {\n","      --bg-color: #3B4455;\n","      --fill-color: #D2E3FC;\n","      --hover-bg-color: #434B5C;\n","      --hover-fill-color: #FFFFFF;\n","      --disabled-bg-color: #3B4455;\n","      --disabled-fill-color: #666;\n","  }\n","\n","  .colab-df-quickchart {\n","    background-color: var(--bg-color);\n","    border: none;\n","    border-radius: 50%;\n","    cursor: pointer;\n","    display: none;\n","    fill: var(--fill-color);\n","    height: 32px;\n","    padding: 0;\n","    width: 32px;\n","  }\n","\n","  .colab-df-quickchart:hover {\n","    background-color: var(--hover-bg-color);\n","    box-shadow: 0 1px 2px rgba(60, 64, 67, 0.3), 0 1px 3px 1px rgba(60, 64, 67, 0.15);\n","    fill: var(--button-hover-fill-color);\n","  }\n","\n","  .colab-df-quickchart-complete:disabled,\n","  .colab-df-quickchart-complete:disabled:hover {\n","    background-color: var(--disabled-bg-color);\n","    fill: var(--disabled-fill-color);\n","    box-shadow: none;\n","  }\n","\n","  .colab-df-spinner {\n","    border: 2px solid var(--fill-color);\n","    border-color: transparent;\n","    border-bottom-color: var(--fill-color);\n","    animation:\n","      spin 1s steps(1) infinite;\n","  }\n","\n","  @keyframes spin {\n","    0% {\n","      border-color: transparent;\n","      border-bottom-color: var(--fill-color);\n","      border-left-color: var(--fill-color);\n","    }\n","    20% {\n","      border-color: transparent;\n","      border-left-color: var(--fill-color);\n","      border-top-color: var(--fill-color);\n","    }\n","    30% {\n","      border-color: transparent;\n","      border-left-color: var(--fill-color);\n","      border-top-color: var(--fill-color);\n","      border-right-color: var(--fill-color);\n","    }\n","    40% {\n","      border-color: transparent;\n","      border-right-color: var(--fill-color);\n","      border-top-color: var(--fill-color);\n","    }\n","    60% {\n","      border-color: transparent;\n","      border-right-color: var(--fill-color);\n","    }\n","    80% {\n","      border-color: transparent;\n","      border-right-color: var(--fill-color);\n","      border-bottom-color: var(--fill-color);\n","    }\n","    90% {\n","      border-color: transparent;\n","      border-bottom-color: var(--fill-color);\n","    }\n","  }\n","</style>\n","\n","  <script>\n","    async function quickchart(key) {\n","      const quickchartButtonEl =\n","        document.querySelector('#' + key + ' button');\n","      quickchartButtonEl.disabled = true;  // To prevent multiple clicks.\n","      quickchartButtonEl.classList.add('colab-df-spinner');\n","      try {\n","        const charts = await google.colab.kernel.invokeFunction(\n","            'suggestCharts', [key], {});\n","      } catch (error) {\n","        console.error('Error during call to suggestCharts:', error);\n","      }\n","      quickchartButtonEl.classList.remove('colab-df-spinner');\n","      quickchartButtonEl.classList.add('colab-df-quickchart-complete');\n","    }\n","    (() => {\n","      let quickchartButtonEl =\n","        document.querySelector('#df-b18f7f9a-28f1-4d3e-8d79-899e5851536f button');\n","      quickchartButtonEl.style.display =\n","        google.colab.kernel.accessAllowed ? 'block' : 'none';\n","    })();\n","  </script>\n","</div>\n","\n","    </div>\n","  </div>\n"],"application/vnd.google.colaboratory.intrinsic+json":{"type":"dataframe","variable_name":"df","summary":"{\n  \"name\": \"df\",\n  \"rows\": 25,\n  \"fields\": [\n    {\n      \"column\": \"Weight(x2)\",\n      \"properties\": {\n        \"dtype\": \"number\",\n        \"std\": 9,\n        \"min\": 50,\n        \"max\": 82,\n        \"num_unique_values\": 21,\n        \"samples\": [\n          51,\n          73,\n          60\n        ],\n        \"semantic_type\": \"\",\n        \"description\": \"\"\n      }\n    },\n    {\n      \"column\": \"Height(y2)\",\n      \"properties\": {\n        \"dtype\": \"number\",\n        \"std\": 6,\n        \"min\": 162,\n        \"max\": 183,\n        \"num_unique_values\": 18,\n        \"samples\": [\n          167,\n          177,\n          162\n        ],\n        \"semantic_type\": \"\",\n        \"description\": \"\"\n      }\n    },\n    {\n      \"column\": \"Class\",\n      \"properties\": {\n        \"dtype\": \"category\",\n        \"num_unique_values\": 3,\n        \"samples\": [\n          \"Underweight\",\n          \"Normal\",\n          \"Overweight\"\n        ],\n        \"semantic_type\": \"\",\n        \"description\": \"\"\n      }\n    }\n  ]\n}"}},"metadata":{},"execution_count":20}],"source":["import pandas as pd\n","from sklearn.model_selection import train_test_split\n","from sklearn.neighbors import KNeighborsClassifier\n","from sklearn.metrics import accuracy_score, precision_score, recall_score\n","\n","# load data from CSV\n","df = pd.read_csv('/content/knn.csv')\n","df.head()"]},{"cell_type":"code","execution_count":null,"metadata":{"id":"vWwUQn-NHQ1i"},"outputs":[],"source":["# Obtain Train data and Train output\n","X = df.drop(columns=['Class'])# Features\n","y = df['Class']   # Target label"]},{"cell_type":"code","source":["X.head()"],"metadata":{"colab":{"base_uri":"https://localhost:8080/","height":206},"id":"7xs2_0fOI1pK","executionInfo":{"status":"ok","timestamp":1731227545009,"user_tz":-330,"elapsed":58,"user":{"displayName":"Sai Praveen Chinta","userId":"00436975700721668619"}},"outputId":"405ef030-0e9f-4915-d06b-9ff6ad3babe7"},"execution_count":null,"outputs":[{"output_type":"execute_result","data":{"text/plain":["   Weight(x2)  Height(y2)\n","0          51         167\n","1          66         177\n","2          75         169\n","3          69         176\n","4          50         173"],"text/html":["\n","  <div id=\"df-a52df363-3329-4a86-9dfd-17db01234caa\" class=\"colab-df-container\">\n","    <div>\n","<style scoped>\n","    .dataframe tbody tr th:only-of-type {\n","        vertical-align: middle;\n","    }\n","\n","    .dataframe tbody tr th {\n","        vertical-align: top;\n","    }\n","\n","    .dataframe thead th {\n","        text-align: right;\n","    }\n","</style>\n","<table border=\"1\" class=\"dataframe\">\n","  <thead>\n","    <tr style=\"text-align: right;\">\n","      <th></th>\n","      <th>Weight(x2)</th>\n","      <th>Height(y2)</th>\n","    </tr>\n","  </thead>\n","  <tbody>\n","    <tr>\n","      <th>0</th>\n","      <td>51</td>\n","      <td>167</td>\n","    </tr>\n","    <tr>\n","      <th>1</th>\n","      <td>66</td>\n","      <td>177</td>\n","    </tr>\n","    <tr>\n","      <th>2</th>\n","      <td>75</td>\n","      <td>169</td>\n","    </tr>\n","    <tr>\n","      <th>3</th>\n","      <td>69</td>\n","      <td>176</td>\n","    </tr>\n","    <tr>\n","      <th>4</th>\n","      <td>50</td>\n","      <td>173</td>\n","    </tr>\n","  </tbody>\n","</table>\n","</div>\n","    <div class=\"colab-df-buttons\">\n","\n","  <div class=\"colab-df-container\">\n","    <button class=\"colab-df-convert\" onclick=\"convertToInteractive('df-a52df363-3329-4a86-9dfd-17db01234caa')\"\n","            title=\"Convert this dataframe to an interactive table.\"\n","            style=\"display:none;\">\n","\n","  <svg xmlns=\"http://www.w3.org/2000/svg\" height=\"24px\" viewBox=\"0 -960 960 960\">\n","    <path d=\"M120-120v-720h720v720H120Zm60-500h600v-160H180v160Zm220 220h160v-160H400v160Zm0 220h160v-160H400v160ZM180-400h160v-160H180v160Zm440 0h160v-160H620v160ZM180-180h160v-160H180v160Zm440 0h160v-160H620v160Z\"/>\n","  </svg>\n","    </button>\n","\n","  <style>\n","    .colab-df-container {\n","      display:flex;\n","      gap: 12px;\n","    }\n","\n","    .colab-df-convert {\n","      background-color: #E8F0FE;\n","      border: none;\n","      border-radius: 50%;\n","      cursor: pointer;\n","      display: none;\n","      fill: #1967D2;\n","      height: 32px;\n","      padding: 0 0 0 0;\n","      width: 32px;\n","    }\n","\n","    .colab-df-convert:hover {\n","      background-color: #E2EBFA;\n","      box-shadow: 0px 1px 2px rgba(60, 64, 67, 0.3), 0px 1px 3px 1px rgba(60, 64, 67, 0.15);\n","      fill: #174EA6;\n","    }\n","\n","    .colab-df-buttons div {\n","      margin-bottom: 4px;\n","    }\n","\n","    [theme=dark] .colab-df-convert {\n","      background-color: #3B4455;\n","      fill: #D2E3FC;\n","    }\n","\n","    [theme=dark] .colab-df-convert:hover {\n","      background-color: #434B5C;\n","      box-shadow: 0px 1px 3px 1px rgba(0, 0, 0, 0.15);\n","      filter: drop-shadow(0px 1px 2px rgba(0, 0, 0, 0.3));\n","      fill: #FFFFFF;\n","    }\n","  </style>\n","\n","    <script>\n","      const buttonEl =\n","        document.querySelector('#df-a52df363-3329-4a86-9dfd-17db01234caa button.colab-df-convert');\n","      buttonEl.style.display =\n","        google.colab.kernel.accessAllowed ? 'block' : 'none';\n","\n","      async function convertToInteractive(key) {\n","        const element = document.querySelector('#df-a52df363-3329-4a86-9dfd-17db01234caa');\n","        const dataTable =\n","          await google.colab.kernel.invokeFunction('convertToInteractive',\n","                                                    [key], {});\n","        if (!dataTable) return;\n","\n","        const docLinkHtml = 'Like what you see? Visit the ' +\n","          '<a target=\"_blank\" href=https://colab.research.google.com/notebooks/data_table.ipynb>data table notebook</a>'\n","          + ' to learn more about interactive tables.';\n","        element.innerHTML = '';\n","        dataTable['output_type'] = 'display_data';\n","        await google.colab.output.renderOutput(dataTable, element);\n","        const docLink = document.createElement('div');\n","        docLink.innerHTML = docLinkHtml;\n","        element.appendChild(docLink);\n","      }\n","    </script>\n","  </div>\n","\n","\n","<div id=\"df-30a4cfb8-8681-4f4c-bce1-ee2f723c0d91\">\n","  <button class=\"colab-df-quickchart\" onclick=\"quickchart('df-30a4cfb8-8681-4f4c-bce1-ee2f723c0d91')\"\n","            title=\"Suggest charts\"\n","            style=\"display:none;\">\n","\n","<svg xmlns=\"http://www.w3.org/2000/svg\" height=\"24px\"viewBox=\"0 0 24 24\"\n","     width=\"24px\">\n","    <g>\n","        <path d=\"M19 3H5c-1.1 0-2 .9-2 2v14c0 1.1.9 2 2 2h14c1.1 0 2-.9 2-2V5c0-1.1-.9-2-2-2zM9 17H7v-7h2v7zm4 0h-2V7h2v10zm4 0h-2v-4h2v4z\"/>\n","    </g>\n","</svg>\n","  </button>\n","\n","<style>\n","  .colab-df-quickchart {\n","      --bg-color: #E8F0FE;\n","      --fill-color: #1967D2;\n","      --hover-bg-color: #E2EBFA;\n","      --hover-fill-color: #174EA6;\n","      --disabled-fill-color: #AAA;\n","      --disabled-bg-color: #DDD;\n","  }\n","\n","  [theme=dark] .colab-df-quickchart {\n","      --bg-color: #3B4455;\n","      --fill-color: #D2E3FC;\n","      --hover-bg-color: #434B5C;\n","      --hover-fill-color: #FFFFFF;\n","      --disabled-bg-color: #3B4455;\n","      --disabled-fill-color: #666;\n","  }\n","\n","  .colab-df-quickchart {\n","    background-color: var(--bg-color);\n","    border: none;\n","    border-radius: 50%;\n","    cursor: pointer;\n","    display: none;\n","    fill: var(--fill-color);\n","    height: 32px;\n","    padding: 0;\n","    width: 32px;\n","  }\n","\n","  .colab-df-quickchart:hover {\n","    background-color: var(--hover-bg-color);\n","    box-shadow: 0 1px 2px rgba(60, 64, 67, 0.3), 0 1px 3px 1px rgba(60, 64, 67, 0.15);\n","    fill: var(--button-hover-fill-color);\n","  }\n","\n","  .colab-df-quickchart-complete:disabled,\n","  .colab-df-quickchart-complete:disabled:hover {\n","    background-color: var(--disabled-bg-color);\n","    fill: var(--disabled-fill-color);\n","    box-shadow: none;\n","  }\n","\n","  .colab-df-spinner {\n","    border: 2px solid var(--fill-color);\n","    border-color: transparent;\n","    border-bottom-color: var(--fill-color);\n","    animation:\n","      spin 1s steps(1) infinite;\n","  }\n","\n","  @keyframes spin {\n","    0% {\n","      border-color: transparent;\n","      border-bottom-color: var(--fill-color);\n","      border-left-color: var(--fill-color);\n","    }\n","    20% {\n","      border-color: transparent;\n","      border-left-color: var(--fill-color);\n","      border-top-color: var(--fill-color);\n","    }\n","    30% {\n","      border-color: transparent;\n","      border-left-color: var(--fill-color);\n","      border-top-color: var(--fill-color);\n","      border-right-color: var(--fill-color);\n","    }\n","    40% {\n","      border-color: transparent;\n","      border-right-color: var(--fill-color);\n","      border-top-color: var(--fill-color);\n","    }\n","    60% {\n","      border-color: transparent;\n","      border-right-color: var(--fill-color);\n","    }\n","    80% {\n","      border-color: transparent;\n","      border-right-color: var(--fill-color);\n","      border-bottom-color: var(--fill-color);\n","    }\n","    90% {\n","      border-color: transparent;\n","      border-bottom-color: var(--fill-color);\n","    }\n","  }\n","</style>\n","\n","  <script>\n","    async function quickchart(key) {\n","      const quickchartButtonEl =\n","        document.querySelector('#' + key + ' button');\n","      quickchartButtonEl.disabled = true;  // To prevent multiple clicks.\n","      quickchartButtonEl.classList.add('colab-df-spinner');\n","      try {\n","        const charts = await google.colab.kernel.invokeFunction(\n","            'suggestCharts', [key], {});\n","      } catch (error) {\n","        console.error('Error during call to suggestCharts:', error);\n","      }\n","      quickchartButtonEl.classList.remove('colab-df-spinner');\n","      quickchartButtonEl.classList.add('colab-df-quickchart-complete');\n","    }\n","    (() => {\n","      let quickchartButtonEl =\n","        document.querySelector('#df-30a4cfb8-8681-4f4c-bce1-ee2f723c0d91 button');\n","      quickchartButtonEl.style.display =\n","        google.colab.kernel.accessAllowed ? 'block' : 'none';\n","    })();\n","  </script>\n","</div>\n","\n","    </div>\n","  </div>\n"],"application/vnd.google.colaboratory.intrinsic+json":{"type":"dataframe","variable_name":"X","summary":"{\n  \"name\": \"X\",\n  \"rows\": 25,\n  \"fields\": [\n    {\n      \"column\": \"Weight(x2)\",\n      \"properties\": {\n        \"dtype\": \"number\",\n        \"std\": 9,\n        \"min\": 50,\n        \"max\": 82,\n        \"num_unique_values\": 21,\n        \"samples\": [\n          51,\n          73,\n          60\n        ],\n        \"semantic_type\": \"\",\n        \"description\": \"\"\n      }\n    },\n    {\n      \"column\": \"Height(y2)\",\n      \"properties\": {\n        \"dtype\": \"number\",\n        \"std\": 6,\n        \"min\": 162,\n        \"max\": 183,\n        \"num_unique_values\": 18,\n        \"samples\": [\n          167,\n          177,\n          162\n        ],\n        \"semantic_type\": \"\",\n        \"description\": \"\"\n      }\n    }\n  ]\n}"}},"metadata":{},"execution_count":22}]},{"cell_type":"code","source":["y.head()"],"metadata":{"colab":{"base_uri":"https://localhost:8080/","height":241},"id":"dkntSiY9I7po","executionInfo":{"status":"ok","timestamp":1731227545010,"user_tz":-330,"elapsed":52,"user":{"displayName":"Sai Praveen Chinta","userId":"00436975700721668619"}},"outputId":"23750a2c-0b93-4827-98a9-a58b8d3d4f8e"},"execution_count":null,"outputs":[{"output_type":"execute_result","data":{"text/plain":["0    Underweight\n","1         Normal\n","2     Overweight\n","3         Normal\n","4    Underweight\n","Name: Class, dtype: object"],"text/html":["<div>\n","<style scoped>\n","    .dataframe tbody tr th:only-of-type {\n","        vertical-align: middle;\n","    }\n","\n","    .dataframe tbody tr th {\n","        vertical-align: top;\n","    }\n","\n","    .dataframe thead th {\n","        text-align: right;\n","    }\n","</style>\n","<table border=\"1\" class=\"dataframe\">\n","  <thead>\n","    <tr style=\"text-align: right;\">\n","      <th></th>\n","      <th>Class</th>\n","    </tr>\n","  </thead>\n","  <tbody>\n","    <tr>\n","      <th>0</th>\n","      <td>Underweight</td>\n","    </tr>\n","    <tr>\n","      <th>1</th>\n","      <td>Normal</td>\n","    </tr>\n","    <tr>\n","      <th>2</th>\n","      <td>Overweight</td>\n","    </tr>\n","    <tr>\n","      <th>3</th>\n","      <td>Normal</td>\n","    </tr>\n","    <tr>\n","      <th>4</th>\n","      <td>Underweight</td>\n","    </tr>\n","  </tbody>\n","</table>\n","</div><br><label><b>dtype:</b> object</label>"]},"metadata":{},"execution_count":23}]},{"cell_type":"code","execution_count":null,"metadata":{"id":"vPqFAj2tHQ1j"},"outputs":[],"source":["X_train, X_test, y_train, y_test = train_test_split(X, y, test_size=0.25, random_state=42)"]},{"cell_type":"code","execution_count":null,"metadata":{"id":"vTaToWPuHQ1k"},"outputs":[],"source":["def evaluate_knn(metric):\n","    knn = KNeighborsClassifier(n_neighbors=3, metric=metric)\n","    knn.fit(X_train, y_train)\n","    y_pred = knn.predict(X_test)\n","\n","    # Calculate evaluation metrics\n","    accuracy = accuracy_score(y_test, y_pred)\n","    precision = precision_score(y_test, y_pred, average='macro')\n","    recall = recall_score(y_test, y_pred, average='macro')\n","\n","    print(f\"Metrics for KNN using {metric} distance:\")\n","    print(\"Accuracy:\", accuracy)\n","    print(\"Precision:\", precision)\n","    print(\"Recall:\", recall)\n","    print(\"----------\")"]},{"cell_type":"code","execution_count":null,"metadata":{"colab":{"base_uri":"https://localhost:8080/"},"id":"5AYs6ViuHQ1l","executionInfo":{"status":"ok","timestamp":1731227545012,"user_tz":-330,"elapsed":45,"user":{"displayName":"Sai Praveen Chinta","userId":"00436975700721668619"}},"outputId":"3569ebc2-d2da-4d3d-f985-1fdcb7d10e1b"},"outputs":[{"output_type":"stream","name":"stdout","text":["Metrics for KNN using euclidean distance:\n","Accuracy: 0.7142857142857143\n","Precision: 0.75\n","Recall: 0.75\n","----------\n","Metrics for KNN using manhattan distance:\n","Accuracy: 0.7142857142857143\n","Precision: 0.75\n","Recall: 0.75\n","----------\n","Metrics for KNN using minkowski distance:\n","Accuracy: 0.7142857142857143\n","Precision: 0.75\n","Recall: 0.75\n","----------\n"]}],"source":["evaluate_knn(\"euclidean\")\n","evaluate_knn(\"manhattan\")\n","evaluate_knn(\"minkowski\")"]}],"metadata":{"kernelspec":{"display_name":"Python 3","language":"python","name":"python3"},"language_info":{"codemirror_mode":{"name":"ipython","version":3},"file_extension":".py","mimetype":"text/x-python","name":"python","nbconvert_exporter":"python","pygments_lexer":"ipython3","version":"3.7.1"},"colab":{"provenance":[]}},"nbformat":4,"nbformat_minor":0}